title,cost,tokens_input,tokens_output,tokens_reasoning,tokens_cache_read,tokens_cache_write,time_created,time_updated
"Rename webhook references to outbox",0.07,51174,12946,0,718179,0,1780579427659,1780874785115
"Adding ActivityPub actor with static files",1.01,166971,69564,0,14579424,969132,1780579572566,1780874785115
"Outbox pattern implementation",1.38,1469034,64558,0,14329220,0,1780660108256,1780874785115
"Add dummy inbox logging function",0.02,31428,1745,0,79022,0,1780660141127,1780874785115
"Add actor and webfinger headers",0.02,31113,1335,0,103574,9564,1780660898919,1780874785115
"Add CORS to actor and webfinger",0.01,22693,1424,0,56460,0,1780698302528,1780874785115
"Explore actor and webfinger endpoints (@explore subagent)",0.02,26308,2587,0,109631,0,1780698311616,1780874785115
"Explore codebase structure (@explore subagent)",0.02,33318,3744,0,146496,0,1780660147291,1780874785115
"Explore codebase structure (@explore subagent)",0.03,29484,3914,0,210454,0,1780579577544,1780874785115
"Explore netlify-cli source for header handling (@explore subagent)",0.09,92825,5244,0,1010240,0,1780658434536,1780874785115
"Explore inbox handling implementation (@explore subagent)",0.02,40987,4034,0,119679,0,1782548807561,1782548986652
"Explore logging patterns (@explore subagent)",0.0,7505,633,0,3084,0,1782611819454,1782611861423
"Explore outbox implementation (@explore subagent)",0.02,20048,3336,0,89374,25347,1782733980120,1782734078166
"Outbox note ID generation",0.07,16084,11916,0,833245,114781,1782733964642,1782735201831
"Inbox handling implementation from solid-webhook",2.59,445746,140669,0,38162050,3324883,1782548797630,1783082381505
"Explore inbox/outbox persistence (@explore subagent)",0.01,15844,3266,0,80881,19578,1783115809466,1783115888579
"Outbox persistence mirroring inbox",0.79,172249,50537,0,11373252,679499,1783115802436,1783159518258
"Explore outbox implementation (@explore subagent)",0.01,19936,3120,0,83727,21995,1783160614399,1783160696570
"Inbox GET proxy to Solid store",10.4,116584,119261,0,34760451,4362604,1783083068240,1783763366700
"Find inbox/outbox routes (@explore subagent)",0.01,14484,1918,0,64230,19010,1783764491980,1783764543179
"Explore ActivityPub inbox code (@explore subagent)",0.02,20204,1666,0,117455,25987,1783766877596,1783766996396
"Enable CORS on inbox and outbox GET",0.11,16371,15393,0,1496578,215043,1783764473724,1783767915630
"Explore OIDC discovery flow (@explore subagent)",0.04,35987,5150,0,463162,39320,1783815877779,1783816066100
"ActivityPub inbox bug investigation",0.75,25309,78246,0,10784734,1040027,1783766861432,1783824975741
"Find setCredentials in fetcher (@explore subagent)",0.0,1235,771,0,11817,3256,1784980018098,1784980035188
"Explore rdflib fetcher load (@explore subagent)",0.05,25115,5570,0,515056,37513,1784980712977,1784980864942
"Find inbox/outbox persistence (@explore subagent)",0.02,23797,3300,0,146473,29014,1784982367189,1784982448217
"Inbox CORS origin configuration",0.18,17362,27344,0,2300345,395700,1784979335765,1784982738247
"Does persisting inbox/outbox set ordered collection?",0.05,14342,6376,0,651414,97643,1784982352776,1784983002729
"Explore ActivityPub inbox codebase (@explore subagent)",0.03,30813,3762,0,259488,37679,1784983455291,1784983560191
"Explore authentication code (@explore subagent)",0.01,19226,2438,0,47679,19276,1784983843713,1784983902851
"Follow requests in inbox",0.29,23654,33975,0,4086763,611505,1784983444737,1785062955362
"Explore inbox handler (@explore subagent)",0.02,24181,3271,0,134273,30005,1785064433035,1785064538104
"Require auth for inbox GET endpoint",0.11,14245,14537,0,1453815,177785,1784983834263,1785066143084
"Unfollow support in inbox handler",0.98,22132,93190,0,14435632,1527585,1785064418017,1785413118691
"Explore ActivityPub implementation (@explore subagent)",0.03,25951,5343,0,236247,31571,1785413842988,1785413953291
"Send messages using followers collection",0.44,24456,39862,0,6448550,718225,1785413832054,1785539127807
"Explore actor configuration (@explore subagent)",0.03,27603,3554,0,229732,34129,1785539319954,1785539413797
"Explore testing setup (@explore subagent)",0.01,25117,1910,0,49704,21036,1785539666410,1785539704876
"Configurable actor name and path",0.29,19056,27801,0,4237857,556386,1785539308830,1785585737701
"Explore routing & DPoP code (@explore subagent)",0.07,42248,5855,0,836037,55366,1785586302616,1785586560529
"DPoP proof htu parameter mismatch",0.04,14106,8055,0,459307,114381,1785586247651,1785587458411
"Explore inbox implementation (@explore subagent)",0.02,30557,3914,0,132190,33777,1785667455339,1785667557051
"Check Mastodon implementation (@explore subagent)",0.01,14503,1645,0,93293,16721,1785754290859,1785754708974
"Analyze signing implementation (@explore subagent)",0.02,18672,4464,0,101922,24886,1785754251280,1785754775705
"Research HTTP signature security (@explore subagent)",0.07,108994,3800,0,582208,111867,1785754289255,1785754785678
"Research AP signature algorithms (@explore subagent)",0.05,83393,2959,0,349513,74502,1785754943616,1785755087101
"Explore ActivityPub implementation (@explore subagent)",0.04,49214,4223,0,269138,48400,1785755526370,1785755655248
"Fix outbox/pages 404 error",0.56,433132,51580,0,6181087,0,1786174644126,1786188596558
"Inbox activity validation",1.41,19974,83193,0,21699079,848188,1785667424269,1786190310499
"Updating README to match codebase",0.9,529642,64634,0,11021386,0,1786189150795,1786192867165
"Exposing statuses from outbox collection",0.05,39563,10767,0,386684,164993,1785755511912,1786624883612
"HANDLER_BASE_URL explanation",0.08,75450,6099,0,788096,0,1786776641584,1786779036467
"Support multiple actors",18.21,7818352,208777,0,118671308,0,1786268985066,1786780208308
"Investigate inbox HTTP signature digest failure (@explore subagent)",0.05,34579,6682,0,529559,0,1786792881303,1786792973584
"Map error logging sites and gaps (@explore subagent)",0.19,70533,14826,0,2552578,0,1786794220390,1786794588452
"Reduce auth logging to errors only",0.05,50590,5567,0,467584,0,1786793079452,1786794814798
"Flow inbox HTTP signature failure",0.58,303770,57839,0,6938948,0,1786792862135,1786795971864
"Find signature auth and inbox code (@explore subagent)",0.03,33468,5624,0,205696,0,1786796614801,1786796723917
"Survey followers collection formats (@explore subagent)",0.94,200154,29390,0,8978688,0,1786834552897,1786835118859
"Inbox signature auth failures with deleted actors",0.25,147909,25411,0,2854144,0,1786796597829,1786835672183
"Followers collection format mismatch with Mastodon",0.99,801136,30391,0,11908968,0,1786796753278,1786836794168
"ActivityPub followers collection endpoint",1.49,537158,65129,0,20807168,0,1786837187818,1786865243351
"Actor profile prettier display for Mastodon",5.5,2477536,135056,0,44742216,0,1786840952132,1786879681374
"PATCH 422 inbox error diagnosis",0.35,260101,25390,0,4040307,0,1786880506254,1786919838915
"nodeinfo discovery endpoint",0.01,15276,1364,0,113781,0,1787142428973,1787142567717
"Robots.txt configuration for server",0.01,25351,1339,0,61169,0,1787143385802,1787143562512
"Adding version history to task management page",0.2,145682,20939,0,2180061,0,1787144277663,1787145832612
"Shared inbox to reduce delete actor messages",0.96,914943,69911,0,10054784,0,1787142451206,1787232599677
"Adding default interface like flow.solidcommunity.net",0.76,519850,49922,0,9062014,0,1787143665811,1787313012241
"Bundling Podos and Ionic for UI",0.2,94840,8649,0,2710784,0,1787362107342,1787362927342
"Add following collection",5.65,1820805,137946,0,51605934,0,1787315973663,1787363111974
"Migrating boost-component to UI",0.42,333344,43885,0,4531034,0,1787362304460,1787366298755
"Login & actor list with PodOS",15.75,4063624,206978,0,120053170,0,1787360409204,1787382558891
"Investigate observeSession bug (@explore subagent)",0.07,41058,36132,0,289832,0,1787917094229,1787917432174
"Minimising ActivityStreams context dereferencing",0.08,62391,7380,0,935552,0,1787920731895,1787921701121
"Handle rich link events in HTML interface",0.45,369565,24818,0,5088540,0,1787916959011,1787921820911
"observeSession not setting webid on login",28.94,12375622,454268,0,180571023,0,1787916774858,1787991966678
"rewriteBody relative URL edge case fix",6.6,4435596,158951,0,48842193,0,1787915317702,1787992483115
Total,112.17,42782642,2970523,0,866880919,16797557,1780579427659,1787992483115
